price,img_url
"1,800円",https://tblg.k-img.com/restaurant/images/Rvw/104326/640x640_rect_104326440.jpg
"1,100円",https://tblg.k-img.com/restaurant/images/Rvw/85429/640x640_rect_85429333.jpg
"1,390円",https://tblg.k-img.com/restaurant/images/Rvw/40863/640x640_rect_40863615.jpg
900円,https://tblg.k-img.com/restaurant/images/Rvw/85429/640x640_rect_85429337.jpg
450円,https://tblg.k-img.com/restaurant/images/Rvw/85429/640x640_rect_85429323.jpg
"1,900円",https://tblg.k-img.com/restaurant/images/Rvw/168296/640x640_rect_96134c14ced031f4b5cffed84ea31234.jpg
"1,100円",https://tblg.k-img.com/restaurant/images/Rvw/156368/640x640_rect_156368136.jpg
"1,150円",https://tblg.k-img.com/restaurant/images/Rvw/156368/640x640_rect_156368761.jpg
"1,080円",https://tblg.k-img.com/restaurant/images/Rvw/156368/640x640_rect_156368495.jpg
"1,150円",https://tblg.k-img.com/restaurant/images/Rvw/157138/640x640_rect_157138004.jpg
980円,https://tblg.k-img.com/restaurant/images/Rvw/156368/640x640_rect_156368506.jpg
935円,https://tblg.k-img.com/restaurant/images/Rvw/103214/640x640_rect_103214129.jpg
825円,https://tblg.k-img.com/restaurant/images/Rvw/103214/640x640_rect_103214134.jpg
825円,https://tblg.k-img.com/restaurant/images/Rvw/103214/640x640_rect_103214127.jpg
830円,https://tblg.k-img.com/restaurant/images/Rvw/120115/640x640_rect_120115412.jpg
170円,https://tblg.k-img.com/restaurant/images/Rvw/150119/640x640_rect_150119656.jpg
180円,https://tblg.k-img.com/restaurant/images/Rvw/150119/640x640_rect_150119650.jpg
180円,https://tblg.k-img.com/restaurant/images/Rvw/150119/640x640_rect_150119644.jpg
190円,https://tblg.k-img.com/restaurant/images/Rvw/150119/640x640_rect_150119641.jpg
190円,https://tblg.k-img.com/restaurant/images/Rvw/150119/640x640_rect_150119640.jpg
200円,https://tblg.k-img.com/restaurant/images/Rvw/150119/640x640_rect_150119632.jpg
200円,https://tblg.k-img.com/restaurant/images/Rvw/150119/640x640_rect_150119626.jpg
200円,https://tblg.k-img.com/restaurant/images/Rvw/150119/640x640_rect_150119625.jpg
930円,https://tblg.k-img.com/restaurant/images/Rvw/133118/640x640_rect_133118887.jpg
580円,https://tblg.k-img.com/restaurant/images/Rvw/185585/640x640_rect_f39f5723ca1ded7d676fc075dbcc9240.jpg
480円,https://tblg.k-img.com/restaurant/images/Rvw/171852/640x640_rect_09fb79f80af4f5abfeee93dbf35d89f8.jpg
350円,https://tblg.k-img.com/restaurant/images/Rvw/200980/640x640_rect_658d2a1e822becc9651ea02fd53882ed.jpg
350円,https://tblg.k-img.com/restaurant/images/Rvw/200980/640x640_rect_7693ca7a4498fe0f6e8367b0dd5daef9.jpg
350円,https://tblg.k-img.com/restaurant/images/Rvw/200980/640x640_rect_96d3beb10049a4f6fc8ce7e5450c41e4.jpg
380円,https://tblg.k-img.com/restaurant/images/Rvw/200980/640x640_rect_6b1ed41de28e7e60c9b9837516c1e4b6.jpg
380円,https://tblg.k-img.com/restaurant/images/Rvw/200980/640x640_rect_dc4676410e9ef86c77e694494a332dee.jpg
480円,https://tblg.k-img.com/restaurant/images/Rvw/200980/640x640_rect_21a48cdaaf9bcb578e255713493f58e9.jpg
380円,https://tblg.k-img.com/restaurant/images/Rvw/171852/640x640_rect_89d57506a47f4239fbd6084615ee7306.jpg
380円,https://tblg.k-img.com/restaurant/images/Rvw/171852/640x640_rect_b3839d7a33610ecc3edfb90e66b7b7c6.jpg
380円,https://tblg.k-img.com/restaurant/images/Rvw/186721/eb071901bba793a1240256ee5bd783b0.jpg
380円,https://tblg.k-img.com/restaurant/images/Rvw/186721/1717601255e5b4df8871bb0d7d5cf377.jpg
580円,https://tblg.k-img.com/restaurant/images/Rvw/200980/640x640_rect_3004cba50509420b69796f464e6ae177.jpg
780円,https://tblg.k-img.com/restaurant/images/Rvw/150119/640x640_rect_150119578.jpg
780円,https://tblg.k-img.com/restaurant/images/Rvw/127851/640x640_rect_127851018.jpg
780円,https://tblg.k-img.com/restaurant/images/Rvw/150119/640x640_rect_150119582.jpg
350円,https://tblg.k-img.com/restaurant/images/Rvw/171852/640x640_rect_4b4a21af139a77ff2f14c824482d9986.jpg
980円,https://tblg.k-img.com/restaurant/images/Rvw/150119/640x640_rect_150119587.jpg
"1,000円",https://tblg.k-img.com/restaurant/images/Rvw/127223/640x640_rect_127223382.jpg
170円,https://tblg.k-img.com/restaurant/images/Rvw/150119/640x640_rect_150119656.jpg
180円,https://tblg.k-img.com/restaurant/images/Rvw/150119/640x640_rect_150119650.jpg
180円,https://tblg.k-img.com/restaurant/images/Rvw/150119/640x640_rect_150119644.jpg
190円,https://tblg.k-img.com/restaurant/images/Rvw/150119/640x640_rect_150119641.jpg
190円,https://tblg.k-img.com/restaurant/images/Rvw/150119/640x640_rect_150119640.jpg
200円,https://tblg.k-img.com/restaurant/images/Rvw/150119/640x640_rect_150119632.jpg
200円,https://tblg.k-img.com/restaurant/images/Rvw/150119/640x640_rect_150119626.jpg
200円,https://tblg.k-img.com/restaurant/images/Rvw/150119/640x640_rect_150119625.jpg
930円,https://tblg.k-img.com/restaurant/images/Rvw/133118/640x640_rect_133118887.jpg
580円,https://tblg.k-img.com/restaurant/images/Rvw/185585/640x640_rect_f39f5723ca1ded7d676fc075dbcc9240.jpg
480円,https://tblg.k-img.com/restaurant/images/Rvw/171852/640x640_rect_09fb79f80af4f5abfeee93dbf35d89f8.jpg
350円,https://tblg.k-img.com/restaurant/images/Rvw/200980/640x640_rect_658d2a1e822becc9651ea02fd53882ed.jpg
350円,https://tblg.k-img.com/restaurant/images/Rvw/200980/640x640_rect_7693ca7a4498fe0f6e8367b0dd5daef9.jpg
350円,https://tblg.k-img.com/restaurant/images/Rvw/200980/640x640_rect_96d3beb10049a4f6fc8ce7e5450c41e4.jpg
380円,https://tblg.k-img.com/restaurant/images/Rvw/200980/640x640_rect_6b1ed41de28e7e60c9b9837516c1e4b6.jpg
380円,https://tblg.k-img.com/restaurant/images/Rvw/200980/640x640_rect_dc4676410e9ef86c77e694494a332dee.jpg
480円,https://tblg.k-img.com/restaurant/images/Rvw/200980/640x640_rect_21a48cdaaf9bcb578e255713493f58e9.jpg
380円,https://tblg.k-img.com/restaurant/images/Rvw/171852/640x640_rect_89d57506a47f4239fbd6084615ee7306.jpg
380円,https://tblg.k-img.com/restaurant/images/Rvw/171852/640x640_rect_b3839d7a33610ecc3edfb90e66b7b7c6.jpg
380円,https://tblg.k-img.com/restaurant/images/Rvw/186721/eb071901bba793a1240256ee5bd783b0.jpg
380円,https://tblg.k-img.com/restaurant/images/Rvw/186721/1717601255e5b4df8871bb0d7d5cf377.jpg
580円,https://tblg.k-img.com/restaurant/images/Rvw/200980/640x640_rect_3004cba50509420b69796f464e6ae177.jpg
780円,https://tblg.k-img.com/restaurant/images/Rvw/150119/640x640_rect_150119578.jpg
780円,https://tblg.k-img.com/restaurant/images/Rvw/127851/640x640_rect_127851018.jpg
780円,https://tblg.k-img.com/restaurant/images/Rvw/150119/640x640_rect_150119582.jpg
350円,https://tblg.k-img.com/restaurant/images/Rvw/171852/640x640_rect_4b4a21af139a77ff2f14c824482d9986.jpg
980円,https://tblg.k-img.com/restaurant/images/Rvw/150119/640x640_rect_150119587.jpg
"1,000円",https://tblg.k-img.com/restaurant/images/Rvw/186641/640x640_rect_197f80b8b91c1901adf075cd25da086e.jpg
"1,000円",https://tblg.k-img.com/restaurant/images/Rvw/186641/640x640_rect_61d1677f8be530de75a5311288a0e3e8.jpg
"1,100円",https://tblg.k-img.com/restaurant/images/Rvw/186641/640x640_rect_11b4cd8035758cbf1cbe5f61ee7f48d4.jpg
"1,200円",https://tblg.k-img.com/restaurant/images/Rvw/186641/640x640_rect_592bc1bdd443d5079e9ea052dedf47b6.jpg
"1,580円",https://tblg.k-img.com/restaurant/images/Rvw/186641/640x640_rect_0357bb66eaab3f05ab2bb7328cbabfd7.jpg
"1,800円",https://tblg.k-img.com/restaurant/images/Rvw/186641/640x640_rect_5098fb4a055e2b3701034324cc334ced.jpg
200円,https://tblg.k-img.com/restaurant/images/Rvw/150119/640x640_rect_150119632.jpg
250円,https://tblg.k-img.com/restaurant/images/Rvw/150119/640x640_rect_150119671.jpg
"1,830円",https://tblg.k-img.com/restaurant/images/Rvw/81546/640x640_rect_81546768.jpg
"1,760円",https://tblg.k-img.com/restaurant/images/Rvw/177278/640x640_rect_43e1f195d396a761c9df3f8b1aca2c95.jpg
"1,500円",https://tblg.k-img.com/restaurant/images/Rvw/177278/640x640_rect_5fb928ab12755cc73d0604cb56c92a1e.jpg
"1,100円",https://tblg.k-img.com/restaurant/images/Rvw/177278/640x640_rect_bcf32c808631c95a968e32549841276e.jpg
"1,330円",https://tblg.k-img.com/restaurant/images/Rvw/177278/640x640_rect_c4107b52333ae7d7a35ebe0c4b3458b2.jpg
700円,https://tblg.k-img.com/restaurant/images/Rvw/77035/640x640_rect_77035536.jpg
770円,https://tblg.k-img.com/restaurant/images/Rvw/77035/640x640_rect_77035531.jpg
"1,490円",https://tblg.k-img.com/restaurant/images/Rvw/157477/640x640_rect_157477454.jpg
"1,280円",https://tblg.k-img.com/restaurant/images/Rvw/158578/640x640_rect_158578498.jpg
990円,https://tblg.k-img.com/restaurant/images/Rvw/158078/640x640_rect_158078732.jpg
"1,080円",https://tblg.k-img.com/restaurant/images/Rvw/157331/640x640_rect_157331165.jpg
"1,000円",https://tblg.k-img.com/restaurant/images/Rvw/156366/640x640_rect_156366824.jpg
"1,000円",https://tblg.k-img.com/restaurant/images/Rvw/157063/640x640_rect_157063453.jpg
980円,https://tblg.k-img.com/restaurant/images/Rvw/156379/640x640_rect_156379401.jpg
"1,280円",https://tblg.k-img.com/restaurant/images/Rvw/158578/640x640_rect_158578621.jpg
150円,https://tblg.k-img.com/restaurant/images/Rvw/176917/640x640_rect_de2b7aa359fc40b92ddcb1cd8bb1a6bf.jpg
500円,https://tblg.k-img.com/restaurant/images/Rvw/176917/640x640_rect_367661b53331fa0f311164a4cdca63d8.jpg
500円,https://tblg.k-img.com/restaurant/images/Rvw/34850/640x640_rect_34850773.jpg
250円,https://tblg.k-img.com/restaurant/images/Rvw/34850/640x640_rect_34850728.jpg
250円,https://tblg.k-img.com/restaurant/images/Rvw/176917/b8b6d6b7bc96e07db31658f0152f8cd7.jpg
250円,https://tblg.k-img.com/restaurant/images/Rvw/176917/640x640_rect_317dfc881dd39ee0f68fc854be01e7ed.jpg
200円,https://tblg.k-img.com/restaurant/images/Rvw/176917/640x640_rect_40111adcbc635195ec20a55e1b51aee4.jpg
100円,https://tblg.k-img.com/restaurant/images/Rvw/34850/640x640_rect_34850713.jpg
200円,https://tblg.k-img.com/restaurant/images/Rvw/176917/640x640_rect_8669b5c54f07cc1dbf4594d7e6ea4dbf.jpg
800円,https://tblg.k-img.com/restaurant/images/Rvw/112231/640x640_rect_112231329.jpg
"1,000円",https://tblg.k-img.com/restaurant/images/Rvw/54798/640x640_rect_54798086.jpg
550円,https://tblg.k-img.com/restaurant/images/Rvw/112231/640x640_rect_112231338.jpg
450円,https://tblg.k-img.com/restaurant/images/Rvw/94481/640x640_rect_94481300.jpg
450円,https://tblg.k-img.com/restaurant/images/Rvw/54798/640x640_rect_54798030.jpg
650円,https://tblg.k-img.com/restaurant/images/Rvw/89335/640x640_rect_89335331.jpg
550円,https://tblg.k-img.com/restaurant/images/Rvw/112231/640x640_rect_112231323.jpg
800円,https://tblg.k-img.com/restaurant/images/Rvw/94481/640x640_rect_94481301.jpg
500円,https://tblg.k-img.com/restaurant/images/Rvw/94481/640x640_rect_94481292.jpg
500円,https://tblg.k-img.com/restaurant/images/Rvw/54798/640x640_rect_54798071.jpg
450円,https://tblg.k-img.com/restaurant/images/Rvw/112231/640x640_rect_112231327.jpg
300円,https://tblg.k-img.com/restaurant/images/Rvw/112231/640x640_rect_112231337.jpg
250円,https://tblg.k-img.com/restaurant/images/Rvw/89335/640x640_rect_89335128.jpg
400円,https://tblg.k-img.com/restaurant/images/Rvw/94481/640x640_rect_94481286.jpg
450円,https://tblg.k-img.com/restaurant/images/Rvw/89335/640x640_rect_89335247.jpg
400円,https://tblg.k-img.com/restaurant/images/Rvw/94481/640x640_rect_94481297.jpg
650円,https://tblg.k-img.com/restaurant/images/Rvw/89335/640x640_rect_89335180.jpg
600円,https://tblg.k-img.com/restaurant/images/Rvw/89335/640x640_rect_89335312.jpg
400円,https://tblg.k-img.com/restaurant/images/Rvw/80585/640x640_rect_80585220.jpg
630円,https://tblg.k-img.com/restaurant/images/Rvw/80585/640x640_rect_80585191.jpg
700円,https://tblg.k-img.com/restaurant/images/Rvw/78551/640x640_rect_78551386.jpg
800円,https://tblg.k-img.com/restaurant/images/Rvw/93873/640x640_rect_93873682.jpg
850円,https://tblg.k-img.com/restaurant/images/Rvw/64819/640x640_rect_64819768.jpg
980円,https://tblg.k-img.com/restaurant/images/Rvw/91765/640x640_rect_91765357.jpg
750円,https://tblg.k-img.com/restaurant/images/Rvw/51297/640x640_rect_51297859.jpg
900円,https://tblg.k-img.com/restaurant/images/Rvw/40219/640x640_rect_40219020.jpg
480円,https://tblg.k-img.com/restaurant/images/Rvw/30539/640x640_rect_30539849.jpg
"1,100円",https://tblg.k-img.com/restaurant/images/Rvw/58852/640x640_rect_58852029.jpg
"1,300円",https://tblg.k-img.com/restaurant/images/Rvw/51651/640x640_rect_51651191.jpg
"1,200円",https://tblg.k-img.com/restaurant/images/Rvw/51651/640x640_rect_51651151.jpg
"1,200円",https://tblg.k-img.com/restaurant/images/Rvw/51651/640x640_rect_51651095.jpg
800円,https://tblg.k-img.com/restaurant/images/Rvw/57957/640x640_rect_57957878.jpg
800円,https://tblg.k-img.com/restaurant/images/Rvw/57957/640x640_rect_57957888.jpg
"1,780円",https://tblg.k-img.com/restaurant/images/Rvw/103932/640x640_rect_103932986.jpg
"2,200円",https://tblg.k-img.com/restaurant/images/Rvw/103932/640x640_rect_103932954.jpg
"1,990円",https://tblg.k-img.com/restaurant/images/Rvw/103932/640x640_rect_103932896.jpg
"1,230円",https://tblg.k-img.com/restaurant/images/Rvw/103932/640x640_rect_103932880.jpg
"1,680円",https://tblg.k-img.com/restaurant/images/Rvw/100870/640x640_rect_100870318.jpg
160円,https://tblg.k-img.com/restaurant/images/Rvw/100870/640x640_rect_100870324.jpg
240円,https://tblg.k-img.com/restaurant/images/Rvw/103934/640x640_rect_103934181.jpg
"1,800円",https://tblg.k-img.com/restaurant/images/Rvw/36265/640x640_rect_36265263.jpg
"1,000円",https://tblg.k-img.com/restaurant/images/Rvw/36265/640x640_rect_36265267.jpg
860円,https://tblg.k-img.com/restaurant/images/Rvw/175438/640x640_rect_64270ad4645e114c6cf3d388de04aa62.jpg
"1,500円",https://tblg.k-img.com/restaurant/images/Rvw/10585/10585952.jpg
"2,000円",https://tblg.k-img.com/restaurant/images/Rvw/10605/10605602.jpg
900円,https://tblg.k-img.com/restaurant/images/Rvw/14271/640x640_rect_14271902.jpg
720円,https://tblg.k-img.com/restaurant/images/Rvw/39744/640x640_rect_39744310.jpg
"1,100円",https://tblg.k-img.com/restaurant/images/Rvw/39745/640x640_rect_39745198.jpg
"1,450円",https://tblg.k-img.com/restaurant/images/Rvw/39744/640x640_rect_39744280.jpg
880円,https://tblg.k-img.com/restaurant/images/Rvw/39744/640x640_rect_39744276.jpg
640円,https://tblg.k-img.com/restaurant/images/Rvw/39744/640x640_rect_39744271.jpg
890円,https://tblg.k-img.com/restaurant/images/Rvw/155986/640x640_rect_155986075.jpg
"1,650円",https://tblg.k-img.com/restaurant/images/Rvw/73555/73555973.jpg
"2,200円",https://tblg.k-img.com/restaurant/images/Rvw/112904/640x640_rect_112904600.jpg
"1,700円",https://tblg.k-img.com/restaurant/images/Rvw/109320/109320737.jpg
"1,150円",https://tblg.k-img.com/restaurant/images/Rvw/45326/640x640_rect_45326782.jpg
"1,750円",https://tblg.k-img.com/restaurant/images/Rvw/84475/84475323.jpg
"1,750円",https://tblg.k-img.com/restaurant/images/Rvw/76936/76936084.jpg
"2,100円",https://tblg.k-img.com/restaurant/images/Rvw/112904/640x640_rect_112904918.jpg
"1,750円",https://tblg.k-img.com/restaurant/images/Rvw/107872/107872989.jpg
"1,300円",https://tblg.k-img.com/restaurant/images/Rvw/122809/640x640_rect_122809842.jpg
"12,500円",https://tblg.k-img.com/restaurant/images/Rvw/77281/640x640_rect_77281164.jpg
"1,300円",https://tblg.k-img.com/restaurant/images/Rvw/157392/640x640_rect_157392890.jpg
"1,980円",https://tblg.k-img.com/restaurant/images/Rvw/157392/640x640_rect_157392887.jpg
"2,400円",https://tblg.k-img.com/restaurant/images/Rvw/157710/157710189.jpg
580円,https://tblg.k-img.com/restaurant/images/Rvw/157710/157710255.jpg
580円,https://tblg.k-img.com/restaurant/images/Rvw/157927/157927955.jpg
"1,450円",https://tblg.k-img.com/restaurant/images/Rvw/157392/640x640_rect_157392888.jpg
450円,https://tblg.k-img.com/restaurant/images/Rvw/157710/157710279.jpg
480円,https://tblg.k-img.com/restaurant/images/Rvw/157392/640x640_rect_157392889.jpg
480円,https://tblg.k-img.com/restaurant/images/Rvw/157710/157710290.jpg
450円,https://tblg.k-img.com/restaurant/images/Rvw/157710/157710322.jpg
380円,https://tblg.k-img.com/restaurant/images/Rvw/157392/640x640_rect_157392892.jpg
450円,https://tblg.k-img.com/restaurant/images/Rvw/157392/640x640_rect_157392893.jpg
750円,https://tblg.k-img.com/restaurant/images/Rvw/157710/640x640_rect_157710314.jpg
"1,600円",https://tblg.k-img.com/restaurant/images/Rvw/27300/640x640_rect_27300924.jpg
